creator_id,event_id,event_type,ticket_price,num_tickets_available,num_tickets_sold,host,is_online,tmp_mid,tmp_min,tmp_max,precipitation,wind_speed,actual_attendance
user8@example.com,960,Sports & Fitness,12,72,8,Host5,True,18.488613431112686,15.025890547687712,21.95133631453766,38.79179476568035,3.4778512845562415,3
user6@example.com,666,Business,22,157,1,Host4,False,25.820404884339467,14.121679169184224,37.51913059949471,6.584357195126739,3.649633434562647,0
user4@example.com,188,Performing & Visual Art,29,100,19,Host4,False,23.29556343011763,19.917427907401006,26.673698952834258,18.679263249572564,19.054128367359205,7
user6@example.com,895,Music,10,136,24,Host5,False,21.35074220645229,17.08042571239709,25.621058700507483,18.753443739687135,10.417699683317805,11
user7@example.com,214,Food & Drink,48,181,142,Host4,True,20.835105300036474,6.324648319336575,35.345562280736374,21.222962281202335,0.5995925082736986,123
user2@example.com,849,Music,46,147,10,Host5,False,22.45516881555599,16.950432003341035,27.959905627770944,12.131362862658118,8.720930412621843,8
user9@example.com,347,Seasonal,23,72,38,Host5,True,21.252755405336337,18.903004539696095,23.602506270976583,40.51075231041969,15.353526913657857,14
user4@example.com,892,Sports & Fitness,28,65,36,Host1,True,21.405096720706553,13.702919533275216,29.107273908137888,12.264847795634704,3.700589247612418,14
user3@example.com,834,Food & Drink,23,173,48,Host5,False,15.605987346521816,7.562633769726195,23.64934092331744,33.556390466528555,8.9495010990238,20
user4@example.com,716,Sports & Fitness,36,85,45,Host5,False,21.926825674358966,15.59095719529175,28.262694153426185,35.97602477407253,7.40238375264852,41
user5@example.com,733,Performing & Visual Art,29,186,47,Host1,False,14.723878845608008,3.2379428729677984,26.209814818248216,46.81679884203119,8.538466378354759,19
user5@example.com,957,Performing & Visual Art,23,159,124,Host2,True,18.94170486298142,11.594695222675659,26.288714503287185,35.379401388430175,17.112350701876238,45
user6@example.com,375,Music,39,73,34,Host4,True,24.084107683074095,16.08161104617145,32.08660431997674,36.05595390380068,4.701842789802773,31
user3@example.com,357,Hobbies,26,138,103,Host2,True,15.850660501560297,10.828683456427342,20.87263754669325,10.777858452349298,15.912562961921674,40
user6@example.com,845,Music,15,172,153,Host2,True,15.603032815446952,6.242718966837748,24.963346664056157,4.778630453291299,3.3428096736626456,67
user9@example.com,94,Health,38,116,80,Host3,True,23.296091931566572,17.98843355381021,28.60375030932293,20.676714981700822,4.4424253946420915,63
user7@example.com,751,Food & Drink,38,161,42,Host2,True,16.370625481768226,5.629270137729994,27.111980825806455,33.911656439272306,9.840264199761485,41
user9@example.com,618,Health,24,146,82,Host2,True,22.113487811999555,10.00149298710512,34.22548263689399,6.595187502624728,5.096878595070862,37
user10@example.com,696,Health,33,136,36,Host1,False,26.181966280833603,15.19656697148948,37.167365590177724,48.99588672742152,18.343123841651924,26
user3@example.com,376,Business,21,102,38,Host1,True,21.7592341574888,4.749453771789794,38.76901454318781,11.305441001133564,3.0866080009146457,15
user2@example.com,999,Seasonal,36,63,32,Host2,False,14.712538261554371,1.1508529042286342,28.274223618880107,26.02782308039076,10.631481460201213,23
user4@example.com,308,Performing & Visual Art,15,142,115,Host4,True,25.2379470615556,18.85879238636495,31.61710173674625,2.8039089267918147,6.922902406711167,43
user3@example.com,985,Health,47,150,54,Host2,True,18.53662925860501,8.720975992862483,28.352282524347537,28.314664703673646,5.817365350443242,41
user2@example.com,287,Hobbies,28,129,17,Host2,False,27.304104399552042,14.926285252541653,39.68192354656243,13.784122865700422,2.880923457472655,5
user10@example.com,650,Performing & Visual Art,48,50,48,Host2,True,18.962597453220877,8.713890730114448,29.211304176327307,18.998253106053394,9.318333455099573,33
user8@example.com,807,Seasonal,18,103,33,Host1,True,15.670185576577133,10.017195153844751,21.323175999309516,29.269682220971564,12.843178729722826,12
user1@example.com,875,Performing & Visual Art,34,157,44,Host1,False,21.783079027505035,15.803997887320163,27.76216016768991,43.4105045255651,2.028503332314613,44
user7@example.com,604,Business,35,68,33,Host1,True,13.110905406323841,5.837826911519053,20.38398390112863,32.903383333646744,9.068814016115422,32
user7@example.com,341,Music,13,174,38,Host4,True,11.902954777746602,2.8749655643866667,20.93094399110654,30.875725764262185,14.24754730292969,14
user4@example.com,97,Health,30,56,44,Host5,False,21.65437678038537,5.404386562443246,37.90436699832749,30.185387769504313,19.37842756319521,39
user5@example.com,622,Sports & Fitness,25,97,3,Host3,True,15.018780726241614,1.685647109046442,28.351914343436786,45.18700638122466,7.920392634566014,0
user3@example.com,709,Food & Drink,38,124,18,Host4,False,26.723414370480413,15.081286114000944,38.36554262695988,11.970232986492979,13.683564154646891,16
user3@example.com,633,Music,49,102,29,Host5,False,26.43722337838613,16.937841700868333,35.936605055903925,23.324630354829928,12.43382682761572,24
user8@example.com,176,Sports & Fitness,49,109,0,Host2,True,28.572207452263395,19.094628611537644,38.04978629298915,27.021958953670016,12.243229995603146,0
user5@example.com,174,Food & Drink,39,169,26,Host1,True,28.55682172520445,17.391302583129526,39.72234086727938,16.08000748903843,1.7536391723482003,24
user9@example.com,763,Performing & Visual Art,25,78,28,Host3,False,21.63999744967213,16.142910610163717,27.137084289180542,20.518619092263556,1.3563940803365848,9
user7@example.com,122,Health,22,63,1,Host5,True,16.79706139079481,4.0325279255725555,29.56159485601706,47.91596850621647,5.884003077059297,0
user1@example.com,180,Food & Drink,46,127,14,Host3,True,13.16075796515507,3.6679508223751767,22.653565107934966,40.82611794087635,0.7638120576145591,14
user7@example.com,494,Food & Drink,27,51,21,Host1,True,23.957520613086842,17.468418926513593,30.446622299660095,29.50521553222477,3.06962564790368,9
user4@example.com,869,Music,26,63,39,Host5,False,22.58841234425683,8.325816470968388,36.85100821754527,47.773126616564994,13.412215697364214,16
user5@example.com,850,Food & Drink,29,68,23,Host4,True,18.571827287666235,13.078746337674508,24.06490823765796,27.282433368575344,9.722931635139357,13
user4@example.com,78,Business,39,70,42,Host1,False,17.97506745023274,1.5812762344154119,34.368858666050066,35.267935562251346,1.7196490328791558,29
user10@example.com,516,Business,21,174,71,Host4,True,15.115977261208446,4.338263998309766,25.893690524107125,16.772583201718067,14.321065914993449,34
user2@example.com,323,Food & Drink,17,69,31,Host3,False,23.590729272603966,11.32059372055207,35.86086482465586,28.582040802303155,19.236803857521696,18
user2@example.com,127,Business,25,97,65,Host4,True,18.014133666538974,13.820449579058812,22.207817754019135,13.204439749305202,2.1836630843726534,28
user10@example.com,799,Sports & Fitness,47,111,41,Host1,False,16.273451885772353,9.974440918004086,22.57246285354062,44.55346657956483,8.280220524004307,31
user4@example.com,406,Performing & Visual Art,26,62,34,Host1,True,19.824644368839362,15.600848571659698,24.048440166019027,14.768231065667326,6.036674905587587,11
user7@example.com,64,Hobbies,30,174,32,Host3,False,16.296765476969128,5.456075526969446,27.137455426968806,41.68631644859944,16.290358213018724,32
user1@example.com,860,Hobbies,30,145,22,Host3,False,23.393173897315535,15.599735236520901,31.186612558110166,11.702175387626868,14.103132911365282,22
user9@example.com,830,Seasonal,27,80,23,Host5,False,17.07607133395006,11.152187761379393,22.99995490652073,16.311438565892818,18.224128650791833,9
user8@example.com,898,Performing & Visual Art,36,82,23,Host1,True,18.07879446334629,11.28862595863642,24.86896296805616,29.60988650342054,1.8399230163235325,17
user2@example.com,894,Sports & Fitness,12,177,36,Host1,True,23.981149507998857,14.497060023651397,33.465238992346315,28.461433933043395,5.4355982221844235,19
user9@example.com,49,Health,17,159,65,Host3,True,18.470990558513385,12.329099383892856,24.612881733133918,15.042260779432649,0.112770272231697,28
user8@example.com,968,Seasonal,50,87,68,Host2,True,13.561645537097565,6.601855387340376,20.521435686854755,7.03161644436171,6.16556417538074,55
user10@example.com,635,Business,37,67,41,Host3,True,15.675857254635696,1.2988132828341903,30.052901226437204,45.83177206403088,3.13212555427836,41
user3@example.com,727,Music,37,89,55,Host5,True,23.49489275809866,12.673644161025484,34.31614135517184,21.314947267727323,7.454235570106935,43
user4@example.com,993,Food & Drink,40,176,96,Host3,True,27.43724986863369,18.84734920916059,36.02715052810679,17.04815662744133,9.725236364066962,82
user8@example.com,534,Seasonal,13,146,82,Host4,True,19.950329602234117,15.468584648915398,24.432074555552838,29.94272250821939,4.9444386294554405,45
user5@example.com,889,Food & Drink,49,156,37,Host3,False,13.86183834145874,0.17535829891551336,27.548318384001966,44.98701911638901,8.704903785261715,30
user8@example.com,157,Health,42,118,43,Host5,False,22.41408253887159,17.655489863834926,27.172675213908256,36.994039557104415,15.648083400018887,39
user1@example.com,983,Seasonal,43,76,38,Host3,False,15.859416288081164,3.6681124460621817,28.050720130100146,35.12327538051166,6.974792594202031,26
user10@example.com,649,Business,15,82,46,Host1,True,18.829255507436198,8.383187341147293,29.2753236737251,14.404616143266763,10.261113902872726,17
user8@example.com,446,Sports & Fitness,28,195,172,Host2,True,14.859451075924387,7.714080918395146,22.00482123345363,24.48291648289555,15.955356692453222,59
user3@example.com,757,Business,50,98,87,Host5,True,26.1222860148387,13.704799719844853,38.53977230983254,16.04845582925078,17.236687862958707,77
user5@example.com,626,Hobbies,17,188,44,Host5,False,22.01736190280925,6.112344224273503,37.92237958134499,36.06780123549601,6.997720922775552,23
user6@example.com,625,Sports & Fitness,15,56,49,Host4,False,18.03208669447951,12.485201877784885,23.57897151117413,44.175110461791945,14.37913813157399,29
user4@example.com,779,Business,43,151,26,Host3,False,25.714554875415722,17.162427315037107,34.26668243579434,24.550398217616525,5.366541901588489,20
user1@example.com,58,Music,23,67,42,Host2,True,23.29266292048372,17.799692022256682,28.785633818710757,7.4259326949132625,3.678753523883731,12
user5@example.com,322,Hobbies,14,91,37,Host4,False,25.1931317139271,10.497506647981954,39.888756779872246,38.75651719047503,1.525523511793847,20
user9@example.com,303,Hobbies,31,60,10,Host3,True,14.790395064429912,9.580572991864198,20.000217136995627,40.43197038465764,10.256588726671655,7
user10@example.com,536,Business,26,102,19,Host4,False,20.704598933565464,17.96187000254719,23.447327864583738,20.081526728554767,3.01234245612519,11
user1@example.com,362,Seasonal,19,150,5,Host1,False,19.11301627716546,13.792613306493864,24.433419247837055,4.621282571611668,13.649195423217208,1
user10@example.com,575,Sports & Fitness,21,91,16,Host2,False,12.180650152174927,2.677944955897842,21.68335534845201,18.33188241507122,19.561301296794063,9
user1@example.com,149,Food & Drink,19,129,111,Host1,True,18.078291345719435,12.578238159943261,23.578344531495606,18.523042755560727,17.708694906129804,46
user8@example.com,621,Music,10,128,49,Host2,True,15.969173577713336,5.822147840467018,26.116199314959655,16.791499581087148,14.229296590865225,17
user1@example.com,690,Performing & Visual Art,43,144,19,Host1,False,15.743764990238986,1.7321281942493338,29.75540178622864,16.055690671962246,17.16316771752201,18
user5@example.com,597,Food & Drink,46,54,35,Host5,False,19.994213535165628,4.798356265065287,35.19007080526597,27.81340685730727,17.639750206833984,30
user5@example.com,255,Seasonal,21,175,5,Host2,False,23.05820674260356,17.74170765134435,28.374705833862766,7.300471193151798,9.459955784392573,1
user1@example.com,177,Performing & Visual Art,15,88,55,Host2,True,20.553220888903333,8.212604000843076,32.89383777696359,29.74985104790736,2.536093484891937,29
user1@example.com,252,Hobbies,29,78,36,Host5,False,20.80119561341931,2.9769001925715344,38.625491034267085,48.224959947803775,15.389270230761538,14
user2@example.com,713,Business,45,159,10,Host2,False,15.088913397904705,9.692575035093258,20.485251760716153,0.9297003838785456,8.001220559051044,10
user9@example.com,298,Hobbies,37,190,32,Host5,True,14.827123142240055,9.474698289127021,20.17954799535309,35.44135636634442,18.689641321652033,24
user5@example.com,732,Hobbies,50,110,34,Host4,False,20.32789703580588,7.4345415987641434,33.22125247284762,30.08827080594172,8.183689091395758,33
user1@example.com,813,Health,25,61,1,Host3,True,24.57713820881567,13.57833731916222,35.57593909846912,23.96720040248197,13.19985132476634,0
user5@example.com,355,Business,23,72,28,Host3,True,20.375339537902242,11.275202653138201,29.475476422666283,23.44914248369917,16.0960031393872,16
user4@example.com,401,Music,22,194,83,Host5,True,18.447077153602777,5.536112199259174,31.35804210794638,23.107351847023295,5.666338224025456,30
user10@example.com,409,Business,29,162,92,Host1,True,21.761074894412662,13.38584870811573,30.136301080709593,17.0800209941815,5.2013762975564575,53
user3@example.com,736,Health,28,130,0,Host4,False,17.299861278222146,6.605444578834653,27.994277977609638,3.65668195886637,4.180820733556794,0
user1@example.com,182,Business,32,148,7,Host5,False,20.182981590861772,11.25135792292916,29.11460525879438,3.4281576291770532,12.113711190274017,6
user4@example.com,773,Business,12,90,43,Host1,False,28.722003122740645,19.532327456313492,37.9116787891678,40.04397320088371,13.724804212269584,23
user2@example.com,647,Performing & Visual Art,16,171,93,Host2,True,25.427068867097006,14.791645748287461,36.06249198590655,43.45438626321894,17.212277759622076,43
user7@example.com,712,Seasonal,10,194,118,Host5,True,18.12281295885221,9.25301978331305,26.992606134391373,22.707310003182755,15.92118242633614,45
user4@example.com,160,Health,11,190,124,Host3,True,15.312310453860228,8.409267730836476,22.21535317688398,0.2328555717964309,9.632612519652923,41
user3@example.com,36,Hobbies,43,136,134,Host1,True,25.45227051565645,15.50383346394128,35.40070756737162,39.423998617913774,8.424846096817953,114
user6@example.com,266,Food & Drink,20,59,32,Host3,True,17.705195460275906,14.904227397939744,20.50616352261207,24.708216993220827,8.233837668067608,16
user5@example.com,750,Health,48,81,76,Host3,True,15.581793674193403,8.464555503373719,22.69903184501309,26.50091103566339,1.355344868838495,64
user6@example.com,75,Food & Drink,36,164,38,Host5,False,26.527311067302794,18.017771759217077,35.03685037538851,40.31629099616394,16.439421688599023,37
user1@example.com,203,Performing & Visual Art,36,199,176,Host4,True,26.826846503160873,15.909351108184335,37.74434189813741,10.382749840853378,10.657269949819499,167
user4@example.com,381,Performing & Visual Art,45,92,89,Host2,True,26.970971278122498,14.767316842245009,39.17462571399999,38.39433404678429,5.210716169042932,77
user8@example.com,352,Hobbies,33,140,30,Host1,True,26.65518640568941,18.058432630266182,35.25194018111264,18.395905344948737,18.48953134390817,29
user5@example.com,543,Food & Drink,47,135,9,Host4,False,22.209761567987105,8.23954225560235,36.17998088037186,5.963992873687052,14.794424266432557,9
user8@example.com,366,Seasonal,15,59,22,Host1,True,16.75610983773683,3.9461700285190315,29.566049646954625,0.8966073114366702,14.353234819941502,10
user8@example.com,233,Health,24,129,6,Host4,False,21.49529922790692,15.376778562589752,27.61381989322409,4.30486614474444,1.9187600380764813,3
user4@example.com,230,Music,40,173,40,Host5,False,16.38947127496487,11.190780078814049,21.588162471115687,48.17903410061958,14.907343284558243,29
user2@example.com,474,Sports & Fitness,46,197,25,Host3,True,22.909162844237198,16.812991298030596,29.0053343904438,10.736967575072754,15.50140617079975,25
user2@example.com,32,Food & Drink,35,149,138,Host1,True,15.97036996762114,3.034005677839222,28.90673425740306,1.478990112591183,14.896626989882844,132
user5@example.com,326,Music,36,185,46,Host1,True,25.20745936956287,13.518191041239842,36.89672769788589,44.987499581175356,17.47848457157214,46
user8@example.com,797,Performing & Visual Art,44,93,24,Host4,True,17.165559223051364,4.977664410651769,29.35345403545096,23.068247882970805,14.077919187863582,24
user3@example.com,285,Music,26,119,8,Host1,False,27.0333974642147,18.063683858874608,36.00311106955479,7.603611247092912,13.744293551673515,4
user5@example.com,991,Food & Drink,22,199,184,Host5,True,22.970181677315782,13.373542302612156,32.56682105201941,5.203716354882743,4.022881058332731,83
user1@example.com,790,Hobbies,47,128,49,Host2,False,20.73131050018826,13.254999898945607,28.207621101430917,39.55798664649284,12.786945355059991,47
user2@example.com,73,Music,46,86,48,Host3,True,17.304613280003487,10.985346398787069,23.623880161219905,7.285526546962568,5.169265849862201,46
user3@example.com,422,Sports & Fitness,45,154,137,Host3,True,10.722063135555139,0.34212066146426245,21.102005609646014,32.123097195590546,15.400926985054895,99
user3@example.com,271,Business,27,169,82,Host4,True,17.384607179458918,7.215869473558085,27.55334488535975,25.672925853404955,7.7268132521696,36
user4@example.com,758,Business,18,182,7,Host4,False,28.073560436004026,17.957995189961018,38.189125682047035,9.881162029452295,0.5491284027464038,4
user1@example.com,655,Business,37,91,42,Host4,False,15.966945380815156,4.586538736825272,27.34735202480504,30.41824141226938,10.503662713723575,37
user1@example.com,351,Performing & Visual Art,36,174,75,Host3,True,15.902120502875897,11.722702834054381,20.081538171697414,23.642968224573085,6.60687505711671,72
user10@example.com,451,Food & Drink,33,78,10,Host1,True,26.29229879985286,14.484704460647844,38.09989313905787,11.346116297215769,11.601868655268106,7
user10@example.com,399,Hobbies,35,177,13,Host5,False,27.01109691283338,15.52588627148809,38.49630755417867,24.364208161028245,0.3820159919270316,13
user7@example.com,370,Seasonal,39,144,66,Host4,True,15.237924188507211,5.5857193157814695,24.89012906123295,28.606964282912944,1.2066514755760904,63
user9@example.com,361,Sports & Fitness,23,66,37,Host3,False,23.335663722111534,13.7784253258443,32.892902118378764,25.45404848171613,10.298239250766432,22
user1@example.com,487,Business,34,72,61,Host4,True,18.843793701903742,2.608952862992464,35.07863454081502,34.8550614495523,14.653056377402553,56
user4@example.com,253,Food & Drink,36,200,24,Host2,False,26.45431756367407,18.337708370022625,34.570926757325516,17.82390108883233,18.3037939762552,22
user5@example.com,652,Sports & Fitness,47,108,63,Host5,True,18.73379003343362,15.381499683429436,22.086080383437807,19.049283103510007,18.545429916835015,49
user4@example.com,856,Food & Drink,18,168,8,Host1,False,25.002873363166565,19.31315769625139,30.692589030081734,4.736739445301907,15.309229545030863,2
user8@example.com,459,Seasonal,25,83,49,Host2,True,17.164141074310812,5.694213679052858,28.634068469568767,6.832419582627542,6.160058859849979,16
user4@example.com,592,Business,50,91,68,Host4,True,26.303946905549388,16.81479037951621,35.793103431582566,44.57723688345324,6.224369055018202,51
user6@example.com,520,Business,39,163,46,Host3,False,12.652539384691696,3.066254620299005,22.238824149084387,45.528664075317124,1.1768540823522766,41
user1@example.com,967,Food & Drink,36,164,49,Host4,False,23.153172439310598,6.744607821573787,39.56173705704741,26.175380803096086,0.7577366488264059,42
user7@example.com,170,Music,34,173,18,Host5,False,19.963209014673964,11.078224331716273,28.848193697631654,12.63562813021889,12.44378597007086,18
user3@example.com,714,Business,42,116,12,Host2,False,21.219833275915388,15.887400219579295,26.55226633225148,24.765801712675028,1.189699358073486,12
user8@example.com,583,Seasonal,17,86,5,Host5,False,11.715053615690614,3.142689436831738,20.28741779454949,9.176485780830907,14.963221934270967,1
user6@example.com,715,Health,47,184,39,Host3,False,21.168798002225927,7.874527169734094,34.46306883471776,34.348107708992046,3.0282268877916563,30
user6@example.com,816,Performing & Visual Art,38,125,48,Host2,False,15.264781609568782,10.188448413424801,20.341114805712763,49.324018736629874,16.486831019487656,38
user8@example.com,332,Music,34,106,2,Host5,True,21.54868118997853,4.933644130961485,38.16371824899558,27.10263046783043,13.025425970617217,2
user1@example.com,587,Health,33,143,44,Host4,False,21.401071126596598,19.84479188724978,22.95735036594342,33.48160438503632,19.437853900455146,40
user1@example.com,679,Music,29,198,35,Host4,True,25.445056417987157,12.020351151846961,38.869761684127354,21.280118333885877,11.230408924104294,14
user4@example.com,963,Performing & Visual Art,13,195,93,Host5,True,20.14149075216335,2.9879800839416637,37.295001420385034,11.40341945651777,0.27143191363139474,28
user1@example.com,265,Hobbies,32,69,27,Host2,True,20.855730037811345,6.4865871060097335,35.22487296961295,16.774807625801884,0.4161524820405238,26
user4@example.com,877,Business,50,131,74,Host5,True,21.230020812694544,6.678126246590095,35.78191537879899,48.042748111338966,12.169978344604411,55
user4@example.com,415,Hobbies,35,131,41,Host2,False,15.262337207708281,9.693035668739862,20.8316387466767,25.126953421483673,8.162878804220634,39
user8@example.com,412,Music,15,180,26,Host4,False,21.186348835143125,11.339969303316419,31.03272836696983,12.589977731743412,19.797297941329663,13
user3@example.com,630,Hobbies,20,57,31,Host3,False,23.542247049741313,17.791882944876836,29.292611154605787,44.72396618223597,4.017527823940517,12
user6@example.com,553,Seasonal,11,195,46,Host3,False,21.176006983223527,14.253130621522471,28.098883344924584,30.068482093931188,0.9364396575863143,22
user5@example.com,501,Performing & Visual Art,13,197,78,Host2,True,24.184781376040746,18.62476038114179,29.744802370939706,7.057972356707253,14.38707494169841,29
user8@example.com,220,Business,38,97,21,Host3,True,27.972352216958328,16.73368198379653,39.211022450120126,42.943065285492494,7.954654624804178,20
user3@example.com,114,Seasonal,21,95,5,Host5,True,15.288115365166643,0.623244003664829,29.952986726668456,3.201089994924838,3.8505946227595045,2
user2@example.com,680,Food & Drink,23,162,118,Host1,True,19.2260132154295,16.615274306311527,21.836752124547473,17.791775233093514,5.698611229237407,44
user2@example.com,284,Seasonal,17,140,20,Host5,False,20.844306477455696,13.083422019067863,28.60519093584353,18.065754823562603,9.757628480534015,12
user10@example.com,837,Seasonal,47,144,19,Host1,False,13.968138929934607,3.363468683925779,24.572809175943437,10.302737420599456,11.482638695377235,16
user7@example.com,217,Music,16,80,68,Host3,True,19.585755971816386,7.009242357244297,32.162269586388476,22.301457059460045,3.176717693603115,29
user8@example.com,346,Health,49,115,49,Host3,True,10.892230905445695,0.10176258200373045,21.68269922888766,21.981761020323592,1.3427414339608612,34
user1@example.com,950,Business,29,110,40,Host5,True,22.696190917250497,18.224940235180913,27.167441599320085,36.60051259715317,10.913182202333092,22
user3@example.com,899,Hobbies,48,171,16,Host4,True,24.88884035420518,13.769499987551963,36.00818072085839,27.567400333989607,19.983169291585526,11
user3@example.com,175,Business,33,188,90,Host3,True,25.960418245742183,15.754992604107038,36.16584388737733,30.402575090569755,2.5323111338481508,77
user7@example.com,795,Food & Drink,47,92,83,Host2,True,24.60605584357353,9.610068719687048,39.60204296746001,1.890110715161819,19.82188947640878,65
user8@example.com,737,Performing & Visual Art,15,159,86,Host2,True,16.91967593901633,4.700989265142274,29.138362612890386,38.41057848553762,8.909523088833557,41
user5@example.com,871,Performing & Visual Art,17,99,20,Host5,True,22.368326202269113,6.600475803860293,38.136176600677935,27.721565096004795,5.9952492947724085,6
user6@example.com,80,Health,33,90,25,Host2,True,17.61705903934991,4.233350695423312,31.00076738327651,23.86075116338083,15.779293408615587,25
user9@example.com,605,Performing & Visual Art,24,54,9,Host5,False,21.861823288561858,7.103456592229495,36.62018998489422,0.02611102776170493,19.473692783037063,5
user9@example.com,96,Music,24,144,3,Host5,True,17.672722534731093,6.830683613538174,28.514761455924013,35.72132461944521,8.21362099116444,1
user2@example.com,210,Music,15,98,50,Host3,True,14.911864772522193,7.736624820157198,22.087104724887187,5.403190372197147,7.034703289633266,29
user6@example.com,62,Health,12,61,55,Host4,True,14.14094624731079,7.16957545627568,21.1123170383459,22.169532109423862,2.752198829426389,16
user8@example.com,273,Food & Drink,28,178,30,Host4,True,18.422250971553403,2.1911771713075234,34.653324771799284,16.66898471728861,8.352303144708586,11
user9@example.com,665,Seasonal,45,69,62,Host3,True,21.57558235820763,19.629381667539,23.52178304887626,8.216269378713465,0.9455461552172006,55
user8@example.com,873,Hobbies,28,99,46,Host4,False,23.461540049139764,16.2567115489018,30.66636854937773,30.158261118691733,19.56689809785746,23
user5@example.com,331,Food & Drink,32,154,50,Host1,False,17.616662107613422,7.408829709916828,27.824494505310014,28.27411775320556,13.522933845177818,50
user6@example.com,307,Business,34,145,83,Host1,True,19.16402515732219,2.359436428722441,35.96861388592194,21.452590034114465,19.614974031731627,83
user6@example.com,731,Seasonal,27,97,3,Host4,False,19.145082077886812,17.73207331945955,20.55809083631408,7.886203887773391,1.3348822800476512,0
user4@example.com,910,Food & Drink,22,160,41,Host1,False,18.758897457595086,7.57242899315383,29.945365922036345,35.22525132985594,2.552890975779214,12
user4@example.com,640,Sports & Fitness,38,84,73,Host1,True,17.655707186376837,6.558095585426214,28.75331878732746,29.812756803326508,7.351886878240945,64
user2@example.com,561,Health,50,158,32,Host2,False,20.271193252663494,5.534390557807843,35.00799594751915,46.121566177258025,17.24846426763672,27
user7@example.com,572,Business,35,87,25,Host1,True,16.676956947376343,6.2431293552159755,27.110784539536713,32.39352351444936,14.000419536405538,22
user4@example.com,812,Business,20,86,15,Host4,False,18.63005130415419,15.1619159332611,22.098186675047277,12.094484044416253,19.491905727583408,5
user9@example.com,344,Sports & Fitness,40,79,30,Host5,False,17.831211065238527,6.179959296272354,29.482462834204696,29.633963887532754,16.61651932407218,29
user1@example.com,693,Music,17,145,79,Host1,True,20.244499643205405,19.25820967086075,21.23078961555006,14.339363649946584,16.52759192668497,42
user3@example.com,77,Health,31,195,30,Host3,False,14.571916560897716,5.5463788302500205,23.59745429154541,42.468712403754814,6.3810179321303595,25
user2@example.com,396,Sports & Fitness,49,110,38,Host1,False,22.131657447922002,17.985986483236918,26.277328412607087,26.419992614912573,6.213777684665411,35
user5@example.com,914,Seasonal,29,188,75,Host5,True,23.191922180088394,11.352428942394418,35.03141541778237,39.282807408549374,10.191836068015066,31
user1@example.com,435,Sports & Fitness,24,190,9,Host4,False,14.076722783759836,5.15883469683029,22.99461087068938,3.9036576154699576,17.247201831800552,5
user7@example.com,1000,Sports & Fitness,43,97,86,Host3,True,19.333676759681218,7.597573831516648,31.069779687845788,14.5331676747187,7.804265819499491,78
user5@example.com,342,Hobbies,41,77,38,Host5,True,11.049796607438887,0.4127850996502813,21.686808115227493,11.093283353768479,2.827500832668408,28
user9@example.com,678,Performing & Visual Art,26,180,104,Host5,True,26.65162137987113,19.760820283191652,33.54242247655061,33.411047635981035,11.30523178337925,41
user8@example.com,645,Health,11,148,14,Host4,False,18.22630804597145,13.986459086721862,22.466157005221035,18.940729830784882,6.698343848508712,8
user10@example.com,108,Performing & Visual Art,16,89,23,Host3,False,21.988415503416817,17.24609802419904,26.730732982634592,13.95855598002998,14.582984287243686,7
user6@example.com,473,Health,18,85,49,Host2,False,12.571172066501179,1.6684376860432337,23.473906446959123,32.56526396865508,6.876575196763399,22
user1@example.com,151,Seasonal,16,113,6,Host5,False,15.924595403367443,10.421125614766591,21.428065191968294,6.008377259037568,3.5417166305853187,1
user3@example.com,970,Sports & Fitness,47,61,29,Host4,False,16.813809523516618,7.643614264695029,25.984004782338204,16.57405140676294,14.688428991560764,21
user1@example.com,164,Seasonal,36,148,17,Host4,False,17.84239437462097,9.826937475058147,25.857851274183794,20.51005675032326,2.0036981495515582,15
user9@example.com,119,Seasonal,46,67,45,Host2,False,28.95740171223926,18.776645907193384,39.13815751728514,32.920158501403684,6.862245460887026,32
user5@example.com,610,Food & Drink,14,119,48,Host5,False,21.246234163903708,6.824450490494261,35.66801783731316,37.469986786306755,15.959066827587467,22
user2@example.com,113,Seasonal,14,155,2,Host4,False,22.891001853218793,9.763750974234275,36.01825273220331,1.6958629432691497,7.596228749573523,0
user3@example.com,584,Performing & Visual Art,10,82,66,Host4,True,24.118791127419215,17.85121300606801,30.38636924877042,23.53481586763713,14.665564658045138,25
user10@example.com,789,Music,11,62,24,Host2,False,21.644123297967486,8.993544402679392,34.29470219325558,10.445970292709006,4.633945023370661,13
user5@example.com,780,Health,43,198,160,Host4,True,13.66116058414332,7.1596605585533935,20.162660609733244,43.33807861610946,12.105859087830668,124
user3@example.com,502,Sports & Fitness,15,64,21,Host5,False,16.690397420919556,3.2970663219709095,30.083728519868203,17.696043730260502,8.80092700884555,11
user1@example.com,653,Sports & Fitness,31,136,6,Host5,False,20.470899886494692,17.307639247846232,23.63416052514315,8.442636486586158,19.50737182649941,5
user1@example.com,267,Performing & Visual Art,41,95,28,Host3,False,25.725072263691562,18.666727476487686,32.78341705089544,14.755665728344635,9.363603689729496,28
user3@example.com,847,Food & Drink,10,159,10,Host4,True,25.67724703505884,15.825360282380444,35.52913378773724,25.53308650502656,16.36671993508061,5
user5@example.com,310,Sports & Fitness,38,118,40,Host5,False,15.623359932305085,1.9272506590825245,29.319469205527646,28.6451796221077,0.1570104922185478,37
user5@example.com,368,Health,44,198,75,Host5,True,23.90097385665922,9.835738108303147,37.966209605015294,20.628261090747923,10.96997896310264,61
user7@example.com,539,Performing & Visual Art,19,95,69,Host1,True,23.530367025044075,16.341467215736962,30.71926683435119,23.238116345841437,1.6747033602864225,40
user10@example.com,242,Food & Drink,30,200,28,Host5,True,28.91538903565796,18.766598187095877,39.06417988422004,38.33233700289807,9.517024130858086,24
user5@example.com,281,Health,33,73,44,Host1,False,24.276133925536683,13.816932554969515,34.73533529610385,27.748032906249804,16.30963979386048,42
user5@example.com,844,Food & Drink,15,64,15,Host2,True,23.405106688528804,7.241174636510785,39.56903874054682,20.4381115460652,19.986473910912263,6
user3@example.com,662,Seasonal,35,57,33,Host4,True,13.474419940485605,4.617920063742633,22.330919817228576,23.77340351418433,3.996687544493267,32
user6@example.com,595,Business,45,93,25,Host5,True,18.344515416379856,14.162188144980085,22.526842687779624,36.67610594982098,19.35992479301514,23
user1@example.com,136,Food & Drink,42,58,11,Host4,False,20.702869116374195,5.670276086471149,35.73546214627724,23.266479441744032,13.83838324764545,10
user7@example.com,289,Business,24,111,44,Host4,False,21.866741695449033,5.151561279939676,38.58192211095839,48.94305191379119,12.872709547754946,16
user2@example.com,380,Sports & Fitness,14,57,49,Host1,True,19.889518933393298,16.615246661514437,23.163791205272158,37.23123850427218,19.883252006516347,23
user5@example.com,695,Food & Drink,48,53,5,Host3,True,20.710427091887116,15.080236466632586,26.340617717141647,45.2954739328522,14.563874733079734,3
user4@example.com,500,Food & Drink,45,73,6,Host1,True,19.85465779247894,8.02502023081981,31.684295354138065,40.5071230505815,18.275882202369306,6
user6@example.com,63,Seasonal,27,174,10,Host4,False,12.253692241373033,1.6086578543288943,22.898726628417172,21.29118532955378,19.467389601071087,3
user7@example.com,390,Health,20,173,82,Host1,True,25.26259374300536,12.173489500298597,38.35169798571212,48.30541662794052,6.651383220331708,49
user5@example.com,978,Music,45,140,10,Host1,False,21.840113175881907,17.54160997006923,26.138616381694582,11.536081675653248,4.4252777631726765,7
user4@example.com,801,Sports & Fitness,25,189,22,Host5,True,24.403906327110654,8.815520738030555,39.99229191619075,42.01307266678874,17.691019176837184,6
user6@example.com,306,Seasonal,32,99,21,Host2,True,19.822993716166074,4.944005509612119,34.70198192272003,48.55807029445857,15.854877509965583,21
user6@example.com,922,Health,18,187,18,Host1,False,15.660594189644831,8.533378751542273,22.78780962774739,24.071969214939664,12.011541418169582,6
user8@example.com,423,Health,38,168,127,Host4,True,19.27866519884125,3.2458921880662173,35.311438209616284,11.617683110468946,5.575718457909884,113
user7@example.com,641,Food & Drink,42,87,7,Host3,True,15.372520760942518,8.44618758158247,22.298853940302568,13.602860487409252,3.42774657442239,4
user3@example.com,378,Health,15,165,44,Host2,False,22.756786600433415,9.80087656607822,35.712696634788614,31.84840106425066,1.7006579164551372,17
user4@example.com,393,Health,22,174,43,Host2,False,16.22019940073641,9.584903648551597,22.855495152921222,33.0368576109122,18.066872261143164,15
user7@example.com,418,Seasonal,35,68,34,Host2,False,20.975821659893054,7.888352034935872,34.06329128485024,44.76720401935252,1.5567419459576537,28
user3@example.com,90,Business,25,195,5,Host5,False,27.542379507285446,15.503798108220632,39.580960906350256,1.4568080971817388,13.409858273117765,3
user3@example.com,540,Seasonal,11,64,20,Host1,False,18.7121907585863,14.614047274630748,22.810334242541852,17.06822285343784,5.371519217407547,8
user9@example.com,734,Seasonal,47,103,25,Host1,False,20.78617275997958,15.469753809662832,26.102591710296327,11.300665325933457,16.325528472478158,22
user10@example.com,891,Health,21,94,40,Host4,False,12.077994563584067,2.2862702876093777,21.869718839558757,25.56091182102726,4.34419783120757,22
user2@example.com,437,Sports & Fitness,35,52,31,Host5,True,17.329427376585393,12.431535295540833,22.227319457629957,3.315935464731795,5.835155921677382,30
user9@example.com,481,Performing & Visual Art,28,189,19,Host3,True,20.489933689313432,10.60235436475513,30.377513013871738,12.959321921782035,13.414014923159929,6
user2@example.com,577,Sports & Fitness,39,188,58,Host1,True,20.666076932163048,18.933887993262083,22.398265871064012,14.944265949971697,1.2277868525683622,43
user8@example.com,916,Food & Drink,44,157,19,Host2,False,21.613151206224153,4.219053420775105,39.0072489916732,15.019960307584235,16.200905915355495,15
user5@example.com,803,Seasonal,28,143,133,Host5,True,15.274348276203236,7.225453162180604,23.32324339022587,15.400750668730367,1.554779576466312,45
user3@example.com,771,Performing & Visual Art,40,178,2,Host2,False,18.046001624818665,5.146803990036943,30.945199259600386,6.0898041302596795,18.039672528269232,2
user6@example.com,876,Music,47,181,39,Host1,False,12.93979828172123,3.605720768179985,22.273875795262473,44.18762415612287,1.784957113075154,33
user4@example.com,840,Business,13,137,30,Host4,False,22.082808745543673,13.418256849368493,30.747360641718856,30.855881940244767,14.128839120206834,10
user7@example.com,947,Performing & Visual Art,20,133,43,Host5,False,19.418739228252683,12.294751926165501,26.542726530339863,30.4975773162704,7.700128198697986,15
user8@example.com,404,Food & Drink,31,175,17,Host3,False,19.848812906145007,18.45586451377028,21.241761298519734,22.982255459410627,18.70893854849227,11
user10@example.com,882,Sports & Fitness,15,71,63,Host2,True,22.706207473747106,8.065123990403917,37.347290957090294,39.44127907939192,3.66504754899724,21
user1@example.com,50,Sports & Fitness,23,138,44,Host2,False,18.1952770538635,11.080842260200974,25.309711847526025,34.83402101434463,8.139930893861266,20
user4@example.com,283,Seasonal,29,138,92,Host1,True,21.827856747702203,13.719473319807353,29.936240175597053,47.19502605896437,13.633679797635631,45
user2@example.com,319,Business,11,65,41,Host3,False,16.078341279076575,9.900828251052635,22.255854307100513,47.43091398120172,7.8406911652565725,22
user10@example.com,506,Seasonal,22,198,81,Host1,True,14.192527860703217,0.17176586300269303,28.21328985840374,6.4269400643588215,11.380278657679636,27
user4@example.com,472,Performing & Visual Art,28,164,6,Host3,False,12.518505349453008,4.6683661309687725,20.368644567937242,5.547389005956732,14.60583116825237,1
user7@example.com,207,Sports & Fitness,48,106,2,Host5,False,18.335327726730124,15.112639274379054,21.558016179081193,5.991754386969777,12.017176036784127,1
user7@example.com,913,Music,10,68,6,Host3,True,13.472682694024936,0.24462225825138573,26.700743129798486,24.38817065751057,14.11781451717012,3
user5@example.com,934,Food & Drink,28,133,104,Host1,True,21.213484818190974,3.302502431129677,39.12446720525227,9.612474829804635,19.031736545162182,44
user10@example.com,965,Hobbies,23,95,29,Host4,True,27.308244449557368,19.74452253196486,34.871966367149874,41.43783569328641,3.9959859617786075,14
user2@example.com,852,Performing & Visual Art,45,51,51,Host3,True,22.943042963543746,18.828658812632053,27.057427114455443,25.73725113526538,19.020341724933804,35
user6@example.com,986,Health,17,111,44,Host1,False,12.944453719533852,0.11505679332899366,25.77385064573871,37.95427074817664,14.809195572903242,15
user6@example.com,705,Hobbies,15,69,15,Host4,False,17.31319014480323,8.585501944046175,26.040878345560287,23.44485810975778,17.51879997406654,6
user8@example.com,596,Hobbies,42,166,127,Host5,True,22.872914546504212,18.412854840553535,27.332974252454893,20.802258365697803,10.53654503861739,127
user8@example.com,707,Food & Drink,27,81,41,Host4,False,21.449109485035535,9.101434074910282,33.79678489516079,48.05653337126337,10.571989529606611,12
user1@example.com,669,Seasonal,38,122,95,Host1,True,12.614847815235573,3.361936049587617,21.86775958088353,10.098783454088295,2.1480054912323143,87
user2@example.com,282,Health,46,84,39,Host4,False,21.299717387885977,9.14789694748541,33.45153782828654,45.82198131069924,9.060044436393085,31
user10@example.com,300,Performing & Visual Art,31,112,10,Host3,False,23.439290878237426,11.090821923701286,35.78775983277357,3.7759944033188497,5.5408010650564705,10
user10@example.com,111,Health,13,168,43,Host2,False,20.913940530156328,5.099640369732834,36.728240690579824,34.48462714949712,8.721185348244502,19
user3@example.com,701,Seasonal,43,123,49,Host5,False,16.146284587537377,4.478620529140819,27.813948645933934,25.215383322359752,7.948584828854384,47
user2@example.com,752,Food & Drink,43,99,9,Host2,False,25.290441017367883,11.12919773355653,39.451684301179235,3.027058434309138,15.81593330764776,9
user7@example.com,245,Sports & Fitness,34,75,1,Host5,False,20.408243859542857,18.518243992327466,22.298243726758248,4.546811426500569,16.716713759050474,1
user9@example.com,660,Health,48,150,48,Host2,True,18.61403280078646,9.981760139712264,27.246305461860658,4.598396277475852,19.35245309139588,35
user4@example.com,503,Performing & Visual Art,33,84,46,Host4,False,27.496455514736283,17.682351149778608,37.310559879693955,37.431585328816276,6.316802166257793,35
user10@example.com,846,Seasonal,38,119,32,Host2,False,17.4726820419738,5.976846214554195,28.96851786939341,28.50616352856171,2.343469480128546,22
user4@example.com,738,Performing & Visual Art,12,173,0,Host4,False,17.637172439804345,3.8655445023478907,31.408800377260803,0.8620412748486794,13.300805481871723,0
user2@example.com,272,Seasonal,31,127,13,Host4,True,15.084484122773368,4.506375782053837,25.6625924634929,15.019743040397044,18.563683937063118,10
user10@example.com,570,Hobbies,42,171,9,Host3,False,26.153934620163167,12.680033551250249,39.627835689076086,1.567689440045661,11.39637135314099,9
user1@example.com,61,Sports & Fitness,47,109,53,Host5,True,22.255112679206736,11.764959074386859,32.74526628402661,3.769816422849148,13.458464694364931,49
user5@example.com,552,Music,42,60,39,Host5,False,16.370581876635157,10.329491571113596,22.411672182156718,48.60044529969632,18.239759782676913,39
user4@example.com,656,Health,12,83,66,Host5,True,20.30206023449101,19.315045601760264,21.289074867221753,19.976523507777532,14.135138587196236,34
user8@example.com,902,Hobbies,35,144,98,Host3,True,22.851025188530386,18.13531430719153,27.56673606986924,15.496145823030128,0.42440745104058486,90
user7@example.com,47,Music,26,70,30,Host3,False,19.124079445551025,11.917437990550116,26.330720900551935,29.31514206648467,10.500815078436998,16
user3@example.com,710,Seasonal,35,185,102,Host2,True,28.042981576943532,19.445408995523877,36.64055415836319,31.745207184923537,16.167019237642556,71
user6@example.com,463,Sports & Fitness,44,81,38,Host2,False,15.018194368925732,6.454826399083185,23.58156233876828,34.49019603484668,2.5430955369507258,37
user7@example.com,953,Seasonal,26,130,11,Host5,False,15.886783436606802,8.844946471714035,22.92862040149957,23.171547910880648,8.37573183620081,4
user8@example.com,480,Hobbies,26,102,24,Host3,False,22.650544946532428,19.60105071011758,25.700039182947275,14.147091540798879,5.996427123675692,13
user1@example.com,360,Music,13,108,70,Host5,True,28.20537456744116,19.444850964923855,36.965898169958464,9.183382215050667,17.587300482783213,31
user10@example.com,431,Performing & Visual Art,22,155,47,Host5,False,17.472905341508614,1.075096598330758,33.87071408468647,46.68203309890027,8.612914518014094,23
user8@example.com,792,Seasonal,38,138,7,Host5,False,11.828698565890809,3.258478525711783,20.398918606069834,9.277912855067555,18.787785323033127,4
user3@example.com,72,Food & Drink,36,106,38,Host2,True,23.55267423861834,13.109115748211202,33.99623272902548,33.10468309476483,5.4790061479719725,38
user1@example.com,775,Seasonal,26,134,64,Host2,True,23.170205759024924,18.845819793318856,27.494591724730995,24.9141245674975,15.239796177923804,33
user10@example.com,389,Health,15,54,46,Host3,False,18.817971131654964,2.671221421059342,34.964720842250586,47.502538153910756,8.414486992658738,17
user5@example.com,755,Business,38,85,10,Host2,False,16.41238354550497,3.9605874961407395,28.8641795948692,8.568808342825601,7.0928770882673975,8
user10@example.com,171,Seasonal,47,183,37,Host2,False,21.75284055564613,9.550972540657801,33.95470857063446,47.34718216175468,0.8718128898856237,36
user7@example.com,369,Health,31,158,103,Host5,True,22.688266013127375,16.789535695643476,28.586996330611278,28.93660274104888,1.25337238419023,100
user7@example.com,857,Music,25,104,37,Host5,False,22.65018486344571,16.94310474045053,28.357264986440892,26.896318817848897,10.047216501407593,19
user6@example.com,305,Sports & Fitness,49,136,105,Host4,True,20.158017411914635,18.239087648074587,22.076947175754686,13.356428341709774,18.997012553453118,102
user3@example.com,194,Health,33,146,32,Host4,False,19.341993896193884,16.90404986924501,21.779937923142754,37.53680392469797,16.649254110631563,22
user6@example.com,864,Performing & Visual Art,39,137,46,Host2,True,20.32305914487414,2.4441167956179566,38.20200149413032,8.16333995834862,8.943783067270365,38
user1@example.com,229,Sports & Fitness,30,129,9,Host5,False,22.314721255138714,19.193040198830296,25.436402311447132,9.10645951156009,11.742213243578693,9
user7@example.com,270,Food & Drink,25,71,50,Host5,False,18.334094086583196,4.302876597975032,32.36531157519136,28.41780656733045,19.855829348002942,20
user9@example.com,69,Seasonal,45,103,1,Host4,True,20.85131325125454,12.117239642424277,29.585386860084803,5.670399867689646,18.137510531135682,1
user6@example.com,806,Seasonal,42,76,9,Host3,False,15.46794747908968,2.8480156608431306,28.08787929733623,0.7245844815542246,10.943224903093206,7
user4@example.com,469,Sports & Fitness,45,152,45,Host3,True,22.67730412566125,18.70533601694722,26.64927223437528,21.331640700038996,0.9381946335018565,33
user3@example.com,939,Music,28,191,0,Host3,True,23.12687384720693,7.082335502589226,39.171412191824636,39.356486378067814,7.911656603937622,0
user10@example.com,398,Health,20,136,47,Host4,True,17.17142048276079,3.6976053799541964,30.645235585567384,19.35510163454936,11.099290267408318,17
user10@example.com,135,Food & Drink,39,88,28,Host2,True,18.10203812159976,4.309713095339303,31.89436314786022,40.88849865077926,11.246493747868787,20
user9@example.com,38,Music,44,72,71,Host5,True,16.03160992338816,3.202213642452072,28.86100620432425,35.98183619344307,4.383306704219072,69
user10@example.com,511,Seasonal,33,191,58,Host4,True,29.12524592593308,18.501772349655912,39.74871950221025,2.9805686039284796,2.784310468012472,48
user9@example.com,546,Performing & Visual Art,43,66,50,Host1,False,25.004665662739725,15.728913666031358,34.28041765944809,39.63150418693061,6.847713193843297,43
user2@example.com,505,Business,48,126,1,Host4,False,19.13970586920572,1.731566579253101,36.54784515915834,5.536276054475126,14.010606641973865,0
user8@example.com,620,Seasonal,12,123,61,Host3,True,14.777360161894084,6.914971596873349,22.639748726914817,46.70803189904309,14.4796998057155,22
user8@example.com,711,Business,44,52,48,Host3,False,28.66311584075416,18.683171823580228,38.643059857928094,32.16657498937149,8.205681749216323,40
user10@example.com,262,Hobbies,16,125,35,Host3,False,15.549612864754915,8.68660080863052,22.41262492087931,46.687389358230035,1.2238786477843977,10
user3@example.com,254,Hobbies,23,155,37,Host5,False,20.614310170869505,7.5984023930537825,33.63021794868523,30.524471452740094,11.865699105328204,16
user8@example.com,320,Music,33,69,38,Host3,True,19.1121348426277,15.036817909739336,23.187451775516063,30.502932652731907,0.20174874749562255,28
user8@example.com,439,Health,13,101,48,Host1,True,14.275446835738162,0.7166920070754079,27.834201664400915,26.95787579754157,8.490420243577397,25
user10@example.com,518,Hobbies,12,175,33,Host5,False,22.214927244554165,6.49181441343373,37.9380400756746,36.12944642261869,7.345584402868894,13
user10@example.com,162,Food & Drink,43,65,59,Host5,True,22.08456904200365,19.344654783477512,24.824483300529785,3.1550635068207047,11.54380962060231,42
user1@example.com,828,Food & Drink,19,131,46,Host1,False,12.989521929850872,3.0463410399086377,22.932702819793107,49.33251380946878,10.791029274055933,17
user1@example.com,34,Performing & Visual Art,34,122,66,Host1,True,27.998944432947624,19.95769875869289,36.04019010720236,44.239419099432865,10.806461217428517,53
user1@example.com,445,Business,33,182,50,Host3,True,20.879452909900493,12.433874958684324,29.325030861116666,32.95772090034485,5.082883555514406,49
user6@example.com,201,Sports & Fitness,48,164,4,Host2,False,20.128480609590447,12.591011074157127,27.665950145023768,0.09126285639219356,17.074094607445474,3
user1@example.com,756,Hobbies,34,166,114,Host4,True,21.765784885212504,9.606444299613317,33.92512547081169,44.24426781789245,10.744403857020785,95
user8@example.com,829,Business,26,195,30,Host2,False,16.172245255778904,3.6390712814453963,28.705419230112412,48.77370889871313,19.551316610465413,14
user7@example.com,496,Seasonal,16,135,102,Host4,True,18.304090402306706,4.2256062677118456,32.382574536901565,0.5141511951281097,0.2788888525152533,53
user10@example.com,602,Performing & Visual Art,11,92,22,Host1,False,20.333332273150106,16.274775780181855,24.39188876611836,21.991367882370433,14.26408153335995,11
user8@example.com,911,Seasonal,23,161,56,Host1,True,22.094836065608707,12.185414659279381,32.00425747193803,22.397161447005328,1.2101326627294418,33
user3@example.com,241,Food & Drink,43,165,3,Host5,False,19.280300649917834,15.543711535494891,23.016889764340775,9.4431669232175,10.86076699005339,2
user4@example.com,189,Food & Drink,49,134,33,Host5,False,16.323350812633343,7.44044788947358,25.206253735793105,34.49076758985862,2.32362015998558,29
user9@example.com,132,Music,26,149,14,Host1,True,15.016691326003208,7.816749815879431,22.216632836126983,8.878733955503526,16.473882249400678,8
user9@example.com,542,Hobbies,22,89,10,Host5,False,19.122480260922245,10.082679860579695,28.1622806612648,2.2566913247326736,10.06249910410477,4
user3@example.com,37,Hobbies,14,129,84,Host3,True,26.267021704090713,19.386627269557287,33.14741613862414,25.406747114445977,18.609566510387335,36
user1@example.com,88,Food & Drink,34,200,36,Host4,False,22.072993814680032,11.097493321796147,33.048494307563914,36.90137076794303,9.04235804555755,29
user8@example.com,510,Sports & Fitness,46,88,37,Host4,True,14.375400846006416,5.648352902030311,23.10244878998252,31.450026260272345,8.205623844761236,35
user6@example.com,548,Food & Drink,39,189,24,Host4,False,23.923889108062333,16.446645040734424,31.40113317539024,22.101037372816236,10.621862727885322,22
user7@example.com,178,Performing & Visual Art,27,109,24,Host3,False,16.1729850509094,6.929738091298758,25.41623201052004,21.650500371774704,16.53591245989754,12
user2@example.com,624,Hobbies,39,55,2,Host3,True,23.20294879288848,13.117860033976394,33.28803755180057,14.657306661773644,10.486041910719571,2
user8@example.com,65,Business,16,174,43,Host2,False,17.46383978304351,4.4984900420859315,30.42918952400109,49.52118182963883,1.879606376948022,20
user9@example.com,204,Seasonal,47,84,12,Host5,False,18.458916589201593,1.5764606272747805,35.3413725511284,24.038939378126845,11.016915947824799,9
user5@example.com,79,Music,22,168,164,Host5,True,18.426647388693237,14.026159108009487,22.827135669376986,0.16465147719300077,18.959646612539544,60
user5@example.com,128,Sports & Fitness,39,172,65,Host5,True,24.567084388979858,16.548130455891634,32.586038322068084,12.756441135321861,8.374105854423384,61
user8@example.com,578,Health,31,55,7,Host5,True,24.926542835440493,11.135641255999495,38.71744441488149,31.11248050122849,11.132743739747895,6
user3@example.com,794,Health,20,80,74,Host3,True,19.8752883462834,11.252150673830803,28.498426018735998,46.59982354041426,19.32879246014908,30
user4@example.com,805,Music,14,62,4,Host4,True,23.2601969982872,10.892576562018705,35.627817434555695,49.54374434857075,8.790859209388483,2
user6@example.com,526,Business,43,141,39,Host4,False,16.331258989249513,11.23720656529046,21.42531141320856,40.36476560947635,18.469373132760726,39
user1@example.com,498,Food & Drink,42,56,22,Host4,True,22.33822202836956,15.864014827873383,28.81242922886574,31.803967243132426,8.960816999034886,17
user4@example.com,554,Business,27,132,47,Host5,False,13.806543575633434,6.746045828455389,20.867041322811477,32.934427583397365,9.394968260282948,24
user5@example.com,438,Sports & Fitness,11,51,12,Host3,True,19.760136766042656,9.082152923474622,30.438120608610692,5.990387770764144,18.45831532581205,7
user5@example.com,988,Food & Drink,10,66,36,Host1,False,19.460401115524675,3.0119521343662226,35.908850096683125,33.21069750278359,3.651402185228605,19
user10@example.com,367,Business,21,156,97,Host2,True,22.342023029166327,16.309350898518492,28.374695159814166,23.384900493963574,18.861373915609406,38
user5@example.com,607,Business,28,118,35,Host3,False,17.91841193411579,14.546835590169682,21.2899882780619,45.85844774785765,19.09228684100634,11
user2@example.com,165,Sports & Fitness,42,130,37,Host3,False,21.278027463368968,7.442937767209264,35.11311715952867,47.887913858310135,7.572601196604413,37
user8@example.com,44,Seasonal,37,82,44,Host5,False,17.30579484910893,3.077046043585143,31.53454365463272,26.132362610260536,5.176037724799471,35
user1@example.com,659,Music,35,154,89,Host1,True,14.41168652251266,7.239545050450986,21.583827994574335,41.385447395019135,6.291564520208846,88
user6@example.com,619,Health,34,123,40,Host1,False,17.011180584440293,5.900429179817335,28.12193198906325,40.529571323718656,13.225581717238597,39
user8@example.com,468,Performing & Visual Art,31,72,15,Host4,True,20.249738206895362,10.76998898859788,29.729487425192843,27.931569924682126,7.209287477174362,13
user5@example.com,123,Business,50,190,14,Host2,False,21.783268888970458,15.634361122477884,27.93217665546303,23.46067179566177,6.454595569570289,14
user2@example.com,798,Business,22,95,20,Host1,True,21.59332692200767,17.695710688683498,25.490943155331845,4.733395834373183,11.431344420409335,8
user5@example.com,974,Seasonal,30,139,47,Host4,False,21.21809393761182,15.34106018390576,27.09512769131788,35.402493380745284,3.4206139731898033,47
user3@example.com,990,Sports & Fitness,30,170,46,Host4,False,25.15455716830892,12.259037059915741,38.0500772767021,36.17873384728291,8.145074061973585,32
user3@example.com,745,Hobbies,31,193,21,Host2,False,15.084438218411048,3.0372010960258167,27.131675340796278,22.21777568779381,8.185008679141585,17
user2@example.com,311,Food & Drink,43,96,45,Host5,True,21.311555852302014,7.091313236997376,35.53179846760665,31.61591935637554,1.3952126380920449,45
user6@example.com,137,Food & Drink,41,191,175,Host1,True,15.25058217433975,2.6113064748654824,27.889857873814016,7.9657116829857095,0.718708515594757,147
user1@example.com,453,Food & Drink,22,58,40,Host2,True,26.51680626054369,15.098355799725244,37.93525672136214,0.5562339047197884,19.294821057501697,12
user5@example.com,997,Music,44,78,36,Host4,True,15.35808634204459,5.94362120529091,24.77255147879827,22.170539812450247,5.6341591566912985,35
user10@example.com,244,Sports & Fitness,31,85,45,Host1,False,17.151999009128474,6.444828517192991,27.85916950106396,35.44620553411218,7.022855767769136,34
user9@example.com,259,Food & Drink,32,77,12,Host2,True,18.472347561991445,13.614378892059598,23.33031623192329,13.768265929402308,7.03158767679569,12
user2@example.com,202,Health,43,200,45,Host3,False,16.685069904545593,10.982152705571416,22.38798710351977,27.18462382699632,16.561191268756783,31
user4@example.com,403,Music,49,56,3,Host4,False,23.591160909454196,19.281392791772422,27.90092902713597,2.3597975316747286,9.068913585092842,2
user2@example.com,599,Hobbies,46,71,32,Host4,False,20.788638070190082,15.639606189312179,25.937669951067985,44.26651160423518,10.241849022722771,32
user10@example.com,246,Performing & Visual Art,22,52,11,Host5,True,19.589828177121014,11.849557973887201,27.330098380354826,9.395184986540745,11.09381568791255,5
user7@example.com,946,Health,19,154,7,Host1,True,19.253935106153858,9.281202022297686,29.226668190010027,10.252355642542232,13.00450506402237,2
user5@example.com,54,Sports & Fitness,17,103,41,Host5,False,14.077390578251107,5.93174685238435,22.223034304117864,41.95063847856128,2.5818952988221877,13
user9@example.com,209,Business,26,154,70,Host4,True,27.742382893229024,16.68949309679852,38.79527268965953,24.343241703039,14.855635720521512,28
user5@example.com,884,Food & Drink,33,162,43,Host4,False,16.551468573363078,6.045231621616141,27.057705525110016,26.300789230270833,18.126260216275053,30
user4@example.com,740,Sports & Fitness,30,111,31,Host5,False,21.259485774325555,8.96297944759434,33.55599210105677,42.81725516909983,7.512750531082498,28
user3@example.com,339,Health,45,196,6,Host2,False,19.969453945607064,14.32490670036609,25.61400119084804,4.949498029038729,11.271114721526008,6
user9@example.com,388,Hobbies,41,160,39,Host4,True,22.41695480393024,17.131592775679014,27.70231683218146,9.279756023849167,1.188736556448533,31
user1@example.com,234,Sports & Fitness,24,184,18,Host3,False,24.1402704334647,16.052640411381578,32.227900455547825,18.01104360640098,3.5277456756502024,8
user6@example.com,811,Seasonal,34,139,13,Host4,False,18.530447030133537,7.005799555076573,30.055094505190503,23.877837486616542,9.882382265762184,12
user8@example.com,98,Hobbies,35,123,10,Host4,False,24.793896725161094,16.15724229564499,33.4305511546772,0.17360976586625054,14.9530631441183,9
user10@example.com,785,Business,36,121,12,Host1,False,27.389646581842356,17.800831834763645,36.97846132892107,21.490714533293655,12.221300323742938,9
user9@example.com,848,Hobbies,25,88,35,Host4,True,24.108307180099423,13.554261108601434,34.66235325159741,25.357674259557587,13.662165222756853,14
user7@example.com,223,Hobbies,11,56,38,Host1,True,13.628579811276229,6.336850073284062,20.920309549268396,41.406639426607434,15.61120855741339,22
user1@example.com,57,Performing & Visual Art,32,104,86,Host5,True,20.8500801051756,18.82886595009936,22.871294260251844,31.945079451109,4.128690018947014,81
user1@example.com,725,Business,40,56,29,Host4,True,22.258859711694534,14.813855529336347,29.703863894052716,23.83004322538074,5.571889124433751,20
user10@example.com,594,Food & Drink,12,72,48,Host4,True,24.108820150413624,12.540833411097891,35.676806889729356,30.24980212220892,3.874241148663682,18
user2@example.com,935,Music,36,188,47,Host5,False,21.31185037990833,9.115366172732156,33.5083345870845,29.33155899461647,18.800330455661246,47
user3@example.com,718,Performing & Visual Art,21,198,39,Host1,False,17.193781903985,13.065390875519405,21.322172932450595,46.08785825272456,6.09217607813701,16
user3@example.com,330,Hobbies,21,81,40,Host2,False,24.14980508762159,10.545865193570044,37.75374498167314,41.88564743796579,14.694596579041626,18
user3@example.com,699,Hobbies,30,69,8,Host3,False,20.282861783778955,6.823695287123197,33.74202828043471,4.227783779080507,15.055589888022352,5
user9@example.com,589,Food & Drink,37,107,20,Host4,True,18.41525798034126,15.034257317593816,21.7962586430887,32.16877405210332,9.64644680519937,20
user10@example.com,989,Music,31,176,146,Host3,True,24.60166586496484,13.67093953032061,35.53239219960907,16.20400004155969,10.503755157683663,113
user8@example.com,93,Business,22,91,29,Host5,False,13.822260097470188,6.832079896992271,20.812440297948108,11.11945312925789,5.668751631623383,8
user6@example.com,83,Health,35,130,44,Host1,True,14.769377272875273,2.3954282946893857,27.14332625106116,39.14852169054326,18.638508857460245,36
user4@example.com,186,Music,49,162,15,Host3,False,16.967391009454595,6.724099423731005,27.210682595178188,19.066321464539733,7.439717446458549,15
user8@example.com,198,Health,39,113,33,Host5,False,15.991954287009449,10.785510370684928,21.19839820333397,42.890394183844535,1.94383772795091,24
user5@example.com,881,Business,30,75,58,Host4,True,16.767582557585758,11.152935667363906,22.38222944780761,29.493837789232135,2.4167142706206834,47
user2@example.com,887,Sports & Fitness,27,189,176,Host5,True,25.708106975781426,17.509110620580838,33.90710333098201,28.305035532509176,7.795999013034482,57
user7@example.com,260,Sports & Fitness,28,95,89,Host2,True,17.652222199715006,2.2760193498071657,33.02842504962285,32.581106842968836,17.133458662765026,44
user4@example.com,717,Music,20,146,2,Host1,False,18.109807776807784,8.802045384445066,27.417570169170506,8.325239567803228,16.698237561132018,1
user1@example.com,632,Performing & Visual Art,35,92,43,Host1,False,17.148527096745717,9.092275134767895,25.20477905872354,41.44638800769038,6.897194209381423,30
user9@example.com,161,Food & Drink,38,104,22,Host4,False,23.17541953579221,17.794836195670833,28.556002875913585,16.2150015821673,4.281673102329533,21
user6@example.com,424,Performing & Visual Art,28,85,30,Host1,False,20.889451229370927,18.850539223553866,22.928363235187987,34.27872950154101,6.958862861204629,16
user9@example.com,196,Hobbies,26,162,47,Host5,False,19.859929521372372,1.5843713745801158,38.13548766816463,48.07069752167764,2.07769222123813,22
user2@example.com,744,Seasonal,18,106,9,Host5,False,20.783860052980714,16.177198725949687,25.39052138001174,8.20992576299866,16.759434688331766,5
user1@example.com,258,Music,17,160,74,Host4,True,20.294539191444287,15.884192917309502,24.70488546557907,28.83379607176122,8.928384260040986,40
user4@example.com,74,Business,50,121,43,Host4,False,13.976562181940322,1.818030657447982,26.135093706432663,25.362091469525417,19.84608169262588,34
user4@example.com,408,Business,28,185,36,Host5,False,17.97836223202617,10.749522485137593,25.20720197891475,35.85684117094496,18.29277373961592,18
user8@example.com,551,Performing & Visual Art,44,97,30,Host1,False,14.040959270053142,5.682486198829338,22.399432341276945,13.992507503614704,0.9881786635957646,30
user6@example.com,980,Business,32,127,89,Host3,True,21.55906206190524,12.578639641733533,30.53948448207695,24.769007998541063,16.855943645461014,86
user7@example.com,676,Business,40,52,51,Host3,True,18.27484131504243,11.143328860365983,25.406353769718876,4.537197584992819,3.6111173845227174,42
user5@example.com,421,Hobbies,40,172,40,Host3,False,19.715452068286147,18.337618629736173,21.09328550683612,33.535489511355124,2.034229068380844,39
user7@example.com,99,Health,38,199,11,Host3,True,22.700523477881475,19.8416260988423,25.559420856920653,22.928135720587466,3.350649679098927,10
user1@example.com,920,Music,15,160,99,Host2,True,22.670968679298923,9.160067698638422,36.181869659959425,2.2079433334452836,5.038651117794353,33
user1@example.com,519,Sports & Fitness,37,153,49,Host3,False,19.61288835077928,6.208804464712266,33.01697223684629,39.424062188567135,17.740156717042773,43
user5@example.com,219,Sports & Fitness,17,157,37,Host4,False,19.090496239204107,8.514590086241736,29.666402392166475,44.593441673773896,18.888025049530548,22
user5@example.com,402,Hobbies,41,127,7,Host3,False,21.455757496442743,7.385730877798107,35.52578411508738,7.071433164325236,9.31854708574585,5
user8@example.com,121,Business,21,144,118,Host1,True,18.025565868069616,14.749579374594743,21.301552361544488,43.924525092524604,8.751310225358587,53
user7@example.com,304,Hobbies,31,83,63,Host4,True,21.149945864006668,18.251192635072726,24.048699092940613,47.20875860807642,10.341733478193246,50
user1@example.com,995,Seasonal,11,115,36,Host2,False,21.675295418906302,19.24097797407867,24.109612863733936,32.53571233387427,10.979387956661267,18
user10@example.com,822,Hobbies,37,170,5,Host1,True,14.770260237636503,4.934711405234571,24.605809070038433,11.486187032036598,0.603618185181034,3
user1@example.com,39,Seasonal,30,50,22,Host2,False,18.566651950388692,2.870777421154913,34.26252647962247,22.507207523246198,17.501168041248146,22
user5@example.com,427,Music,34,97,60,Host3,True,15.151716964163167,2.0377407425106653,28.26569318581567,36.48367695756503,3.5955556449658888,60
user2@example.com,821,Business,14,155,144,Host4,True,18.5142823105418,16.238208294894687,20.790356326188913,25.855490988554976,8.40519642850028,79
user3@example.com,907,Music,34,108,11,Host1,False,27.40590426246505,16.465751900008694,38.3460566249214,24.8496184826632,5.1100017475249775,10
user1@example.com,574,Music,31,117,34,Host4,False,22.861221440136838,17.71167339646447,28.01076948380921,34.07770333057028,0.3397042005854489,30
user1@example.com,781,Music,42,168,93,Host2,True,25.39195229264966,15.7691497900027,35.01475479529662,1.127147697749642,16.671645137963893,74
user3@example.com,697,Health,16,162,13,Host4,False,20.095933942959935,5.8280364643465905,34.36383142157328,24.863948465277424,13.74653011892466,3
user9@example.com,879,Performing & Visual Art,19,84,27,Host5,False,12.052591887283047,0.1035096279634895,24.001674146602603,14.462961880247132,13.251376593160488,12
user8@example.com,823,Music,36,97,81,Host3,True,20.59220876272648,10.40092708228354,30.783490443169416,26.794097322499006,2.8215115446036076,62
user3@example.com,279,Food & Drink,40,82,7,Host3,True,21.887347871917065,12.704392787542314,31.070302956291812,19.284219518192568,0.5019988560823663,7
user4@example.com,318,Hobbies,42,64,44,Host5,False,23.70758315371266,10.139617412315786,37.27554889510953,45.79927615726429,8.059580658961963,36
user1@example.com,842,Performing & Visual Art,27,93,75,Host4,True,14.52523225022131,2.5331291022775027,26.517335398165116,39.36556082411364,12.277690934254128,42
user3@example.com,517,Food & Drink,44,53,46,Host1,False,15.70025754680348,2.340500682990372,29.06001441061659,44.550795432959205,0.031121121798118878,36
user4@example.com,654,Music,45,168,32,Host1,True,20.320994306034116,4.970127621531743,35.67186099053649,12.576361389259244,10.66156290556778,24
user5@example.com,688,Health,10,78,6,Host5,False,25.61629263540616,16.3874591953895,34.845126075422826,5.79803944314321,10.10438095573486,3
user2@example.com,778,Seasonal,38,190,6,Host4,False,14.43280162326198,3.592846833993937,25.272756412530022,2.6198791827214016,0.733963856148907,4
user1@example.com,675,Performing & Visual Art,47,143,50,Host1,False,18.410039184595338,15.611660859318263,21.20841750987241,45.87550213619283,16.94127349270848,47
user3@example.com,292,Seasonal,25,167,42,Host3,False,16.24600959534719,6.087528302017038,26.404490888677337,28.78727228285916,19.088160325031126,12
user8@example.com,556,Health,26,196,3,Host5,False,15.302364974491844,4.085066987784812,26.519662961198875,8.069893890686647,15.1108663087728,1
user4@example.com,507,Seasonal,46,177,141,Host5,True,16.058842826879047,1.7623917666874167,30.355293887070676,19.91694572759282,18.140972772998023,98
user3@example.com,416,Performing & Visual Art,37,98,41,Host4,False,27.188160620680506,15.990851867799972,38.38546937356104,41.279905368347606,18.648978328599146,37
user10@example.com,215,Performing & Visual Art,25,160,34,Host2,False,20.877864155292286,14.830912413493174,26.9248158970914,38.755749261537446,19.416951797394727,20
user7@example.com,777,Sports & Fitness,35,149,43,Host2,False,21.622802796176696,6.248233434552888,36.997372157800505,49.82970581657695,4.318259842992449,43
user3@example.com,372,Music,39,74,50,Host2,False,20.22538405156773,1.5693519116378996,38.88141619149756,37.449301036044325,9.371707590605364,49
user5@example.com,719,Sports & Fitness,14,146,2,Host5,False,25.42537843808964,18.83230718415598,32.0184496920233,3.439493101592561,3.932545426134948,0
user4@example.com,460,Seasonal,34,95,25,Host4,False,24.98869974561792,17.636532589265457,32.34086690197039,17.24936524982378,2.4136332491110513,18
user6@example.com,159,Performing & Visual Art,33,137,4,Host5,True,18.284000271348912,8.389530440705,28.178470101992822,7.762997681282552,18.450070995098184,3
user10@example.com,944,Seasonal,45,170,45,Host4,False,23.732361318832247,8.545894040894257,38.91882859677024,43.56473110108808,19.973404366043223,34
user3@example.com,288,Seasonal,36,91,51,Host3,True,21.14255439552026,3.5997047946320904,38.68540399640843,15.811164932601795,15.805619653916676,42
user4@example.com,142,Sports & Fitness,41,94,4,Host1,True,17.92862593413258,8.97294445341669,26.88430741484847,48.50784515168958,7.452761070188057,4
user4@example.com,225,Hobbies,35,148,47,Host4,True,26.279677606191463,19.649135710382954,32.910219501999975,7.441249333318945,16.11913164771341,33
user7@example.com,484,Music,18,152,43,Host3,True,21.84722177144447,8.184925829438882,35.50951771345006,13.271017470892438,17.224592724233624,17
user1@example.com,81,Music,15,90,10,Host4,False,18.257918917775925,4.979293653875711,31.536544181676142,10.326579235721361,14.256320795029163,5
user4@example.com,862,Seasonal,32,160,39,Host3,False,17.1192831120094,1.86872634083606,32.369839883182735,43.14539965162194,3.359512385793073,27
user9@example.com,45,Business,17,76,33,Host1,True,24.49980784028768,19.62763468306437,29.37198099751099,12.979676816961044,5.431339059816103,12
user10@example.com,861,Sports & Fitness,42,66,43,Host3,False,26.99593306348836,19.176659159050235,34.81520696792648,26.855749247501553,18.86541360866424,40
user2@example.com,169,Music,41,103,80,Host1,True,22.1737201311299,13.017382219407478,31.330058042852322,23.881413214515728,10.77932912337618,66
user6@example.com,479,Hobbies,50,193,150,Host5,True,18.415367323818195,7.425802804618858,29.40493184301753,47.27182297652051,14.930173088531713,109
user9@example.com,706,Health,33,103,40,Host5,False,18.14076726310189,15.988714958761099,20.292819567442677,48.88919481488051,19.928751256080453,32
user10@example.com,559,Business,16,55,40,Host1,True,20.017798603926607,18.611961629317978,21.423635578535233,46.09704560531376,0.8486364646877398,15
user5@example.com,637,Health,41,101,16,Host1,False,19.499459807933434,0.052050595854491455,38.94686902001238,10.480058381120443,9.3129417301288,15
user10@example.com,356,Food & Drink,38,142,101,Host5,True,19.49973102186268,8.13035398744561,30.86910805627975,29.16499023867421,19.20444163485489,80
user1@example.com,893,Business,10,104,37,Host4,True,21.846436440522794,18.914462507381113,24.778410373664478,29.304954874433374,7.03994303901408,12
user8@example.com,183,Seasonal,31,179,127,Host3,True,12.538018354478575,4.469069343823446,20.606967365133706,21.664754967149513,3.0066541752084297,88
user10@example.com,212,Performing & Visual Art,48,162,2,Host1,False,21.387475446839744,12.555915679066485,30.219035214613,9.157662916897541,3.355642497439315,1
user4@example.com,126,Seasonal,50,177,18,Host2,False,18.224341656946926,6.021572309757994,30.427111004135856,24.199669378469412,19.026771436580077,18
user8@example.com,537,Performing & Visual Art,31,167,8,Host4,False,22.039274166804702,9.739326204153897,34.33922212945551,4.581556764477596,6.593954484490978,6
user1@example.com,400,Business,25,171,29,Host2,True,22.438297432485108,9.124752074542823,35.75184279042739,46.36843038234422,18.81556790704385,9
user1@example.com,250,Food & Drink,14,159,94,Host3,True,26.806039625827754,16.198511437597922,37.413567814057586,24.399615243320323,18.98173189228123,29
user6@example.com,167,Sports & Fitness,16,76,63,Host4,True,20.51955047769075,14.651766477242983,26.387334478138516,10.507478880302507,6.547609772554727,20
user9@example.com,962,Sports & Fitness,36,102,25,Host3,False,17.243088409466793,9.751469568975917,24.73470724995767,11.084219036073979,4.479537099714173,22
user3@example.com,549,Business,40,190,9,Host1,False,19.05641388412601,4.051225135432286,34.061602632819735,7.872745092027578,16.08903220213191,7
user1@example.com,329,Hobbies,13,105,48,Host5,False,11.819934833329445,0.758414785312036,22.88145488134685,38.45510431326006,19.554944799434196,28
user6@example.com,741,Seasonal,38,87,39,Host4,False,25.131361501945868,15.741230601244517,34.52149240264722,25.498535185698838,14.469539326173138,34
user4@example.com,414,Hobbies,49,110,10,Host3,False,12.504517080224485,2.1840635833944266,22.824970577054543,10.261181162855799,8.763924082184095,8
user8@example.com,436,Food & Drink,44,193,42,Host4,False,23.01506593944348,12.737632707830212,33.29249917105675,27.472018968323862,12.892535936806341,41
user1@example.com,448,Music,19,54,3,Host3,True,13.451857002116709,2.2717113596756033,24.632002644557815,13.466453155647873,6.373131263518532,0
user7@example.com,515,Music,43,190,104,Host5,True,23.66113471069778,9.217095087370232,38.10517433402533,46.33271858704753,19.798860002099072,102
user5@example.com,440,Health,23,98,78,Host1,True,17.9106099854962,0.9415586427587952,34.87966132823361,41.8386314602084,0.2563768886146267,23
user10@example.com,931,Sports & Fitness,49,84,31,Host3,False,14.994007811877282,3.519027507981618,26.468988115772945,37.08587253793576,13.511187926590635,22
user2@example.com,172,Music,10,169,34,Host4,False,26.16771718164652,13.975514401703206,38.35991996158983,48.74738090686501,15.106721035971425,12
user6@example.com,973,Food & Drink,17,68,22,Host5,True,27.762258968196267,17.882536942281902,37.64198099411063,5.405195811684383,12.817442368051795,6
user6@example.com,141,Performing & Visual Art,27,158,155,Host4,True,22.225244514888267,9.513313395679122,34.937175634097414,31.091999162750994,10.773034631312877,69
user2@example.com,532,Business,23,183,25,Host1,True,23.460920535813965,16.16366740700323,30.7581736646247,23.2681032089178,3.121518046426166,9
user10@example.com,371,Hobbies,47,136,39,Host1,False,21.77674204790106,4.821839031551239,38.731645064250884,49.52013754088293,7.272461683836424,33
user2@example.com,854,Seasonal,29,57,21,Host4,False,22.858264893594935,7.145032263657045,38.57149752353283,19.551452247926814,9.037519872810257,6
user7@example.com,600,Food & Drink,50,130,33,Host4,False,12.584699928121207,2.8868378378618487,22.282562018380567,34.50004752411815,6.303322546904157,30
user1@example.com,391,Business,33,132,10,Host1,False,21.26004141388073,4.737306983753607,37.78277584400786,17.75741476026277,2.2570059731777103,8
user1@example.com,819,Sports & Fitness,28,186,22,Host3,False,22.23061601360094,7.897011749092535,36.564220278109346,11.726816723037208,2.4984325463609958,12
user9@example.com,116,Health,13,162,56,Host3,True,25.266129500738874,15.933148421402613,34.599110580075134,12.943378705645681,19.918953209428782,28
user4@example.com,631,Sports & Fitness,11,118,117,Host3,True,11.86320525835892,1.247749604381574,22.478660912336267,43.520171084405064,8.32213444588136,38
user1@example.com,328,Music,45,113,3,Host4,False,18.384227958165777,11.174596174607299,25.593859741724255,0.6737240816929113,11.61388042428193,3
user5@example.com,497,Food & Drink,33,78,12,Host4,False,20.077711754696505,2.9300858251356976,37.22533768425731,14.082154612713339,4.711038784572943,11
user7@example.com,770,Seasonal,47,68,14,Host5,True,14.252901671533776,6.439648926945001,22.06615441612255,2.4464562935031795,19.027994359465843,13
user1@example.com,614,Hobbies,23,59,4,Host5,True,21.383714783318585,6.64754528976748,36.11988427686969,49.91650931083452,14.136667992648134,1
user4@example.com,208,Seasonal,36,179,17,Host5,False,21.23784164211259,2.6154071254184386,39.86027615880674,24.365821918823354,17.659988798481653,17
user10@example.com,464,Sports & Fitness,22,141,2,Host5,False,20.085191341393255,5.195319540420766,34.97506314236574,6.240857133661426,18.718710994616103,1
user8@example.com,915,Sports & Fitness,50,77,55,Host1,True,14.631438934836414,8.2986540404524,20.964223829220426,24.971741733273273,16.25744071794828,42
user6@example.com,923,Hobbies,23,70,15,Host3,True,23.169684610392068,18.86216667798973,27.47720254279441,2.6390590732970787,9.264300213812424,4
user5@example.com,720,Hobbies,42,71,44,Host5,True,18.18876897135177,12.36687330972002,24.010664632983516,36.03093437133173,8.749013272465733,38
user10@example.com,317,Hobbies,37,165,41,Host4,True,15.87910535386435,2.3255716308861873,29.432639076842513,0.907460678217703,3.0557880882582844,30
user5@example.com,723,Hobbies,48,123,97,Host4,True,21.738575434202467,14.981820875918732,28.4953299924862,16.651624900114804,1.768411465273605,78
user7@example.com,581,Business,31,115,5,Host3,False,21.821699070921753,19.29918852909719,24.34420961274632,2.8199677955894287,19.89363474440857,5
user3@example.com,987,Music,24,181,142,Host5,True,15.65953029537678,3.202582178924809,28.11647841182875,37.67930181842804,18.40191900008639,72
user8@example.com,345,Sports & Fitness,50,194,32,Host4,False,26.007491479173694,17.563920956962424,34.45106200138496,49.0848999232246,13.58987717189564,27
user5@example.com,227,Hobbies,14,118,32,Host2,True,23.96397253897675,17.637955055252952,30.28999002270055,22.40892044981099,19.571770117304357,14
user6@example.com,76,Business,41,117,39,Host5,False,28.017283228774314,18.008875997281088,38.02569046026754,25.68765717254821,19.477844506917506,30
user2@example.com,883,Sports & Fitness,48,63,5,Host3,True,19.871406994938738,17.45352616895461,22.289287820922866,0.5907043499750075,1.0205126993220137,3
user5@example.com,295,Health,30,148,31,Host4,True,21.200456688754933,10.401848093321146,31.999065284188724,27.57803969833957,15.17682054902988,21
